,E,S,H,I,B,X,M,K
0,1867,133,0,0,0,0,0,0
1,1412,582,0,6,0,0,0,0
2,1037,960,0,3,0,0,0,0
3,911,1074,0,7,8,0,0,0
4,888,690,88,287,27,0,20,0
5,874,598,93,329,63,0,43,0
6,847,420,95,443,97,0,98,0
7,650,674,98,403,120,0,55,0
8,464,1160,101,110,117,0,48,0
9,395,1019,262,171,116,0,37,0
10,240,1314,264,66,97,0,19,0
11,201,1190,201,128,242,0,38,0
12,147,1207,264,115,233,0,34,0
13,124,1154,367,153,162,0,40,0
14,98,1032,303,242,184,50,91,0
15,73,1135,354,186,144,50,58,0
16,34,1033,387,183,148,105,110,0
17,16,997,436,209,162,87,93,0
18,13,1062,435,201,163,54,72,0
19,9,1141,408,177,165,41,59,0
20,6,1196,400,143,157,39,59,0
21,1,1220,428,121,150,30,50,0
22,1,1083,502,173,167,27,47,0
23,1,905,592,210,191,46,55,0
24,1,1093,544,106,168,38,50,0
25,1,1084,508,112,201,30,64,0
26,1,988,556,119,210,40,86,0
27,1,890,580,143,231,59,96,0
28,1,665,636,235,248,77,138,0
29,1,608,679,231,248,80,153,0
30,0,1069,579,74,189,42,47,0
31,0,1131,524,82,175,36,52,0
32,0,773,878,84,178,41,46,0
33,0,907,712,105,178,41,57,0
34,0,845,716,133,178,55,73,0
35,0,871,698,155,163,45,68,0
36,0,961,685,124,138,36,56,0
37,0,1272,360,95,160,44,69,0
38,0,1207,427,155,131,40,40,0
39,1,884,521,238,169,78,109,0
40,1,810,589,243,171,82,104,0
41,1,619,648,277,205,113,137,0
42,1,689,667,215,208,116,104,0
43,1,770,655,138,222,115,99,0
44,1,747,659,163,239,102,89,0
45,1,983,473,139,229,103,72,0
46,1,1098,374,111,218,120,78,0
47,1,1097,331,116,223,140,92,0
48,1,1098,345,95,238,136,87,0
49,5,904,395,159,238,172,127,0
50,5,992,392,155,208,146,102,0
51,6,1118,369,110,187,133,77,0
52,6,1219,332,86,181,112,64,0
53,8,1074,418,137,189,109,65,0
54,12,1037,403,176,185,105,82,0
55,19,1021,389,176,183,116,96,0
56,27,986,419,142,195,128,103,0
57,44,823,392,188,248,181,124,0
58,56,1194,225,156,195,86,88,0
59,64,1293,230,120,188,39,66,0
60,84,1470,213,77,118,19,19,0
61,178,1241,387,74,98,0,22,0
62,236,1220,400,26,102,0,16,0
63,329,963,474,120,91,0,23,0
64,933,432,449,52,102,0,32,0
65,982,496,430,24,57,0,11,0
66,991,645,301,12,48,0,3,0
67,1106,534,296,19,39,0,6,0
68,1180,274,183,286,68,0,9,0
69,1190,423,41,302,35,0,9,0
70,1267,370,37,292,22,0,12,0
71,1317,605,32,25,17,0,4,0
72,1507,420,29,27,15,0,2,0
73,1529,438,15,5,13,0,0,0
74,866,91,15,13,12,0,3,0
75,883,81,8,18,8,0,2,0
76,895,92,0,9,2,0,2,0
77,914,75,0,9,2,0,0,0
78,921,79,0,0,0,0,0,0
79,950,50,0,0,0,0,0,0
